FunctionalTests.Mapping.DiscriminatorTests.Can_configure_type_discriminator_element_name	EF10,EF8,EF9	NativeTranslationNotSupportedException : Query is not natively representable and MongoQueryMode.NativeOnly forbids the driver-LINQ fallback.'
FunctionalTests.Mapping.DiscriminatorTests.Can_configure_type_discriminator_with_int	EF10,EF8,EF9	NativeTranslationNotSupportedException : Query is not natively representable and MongoQueryMode.NativeOnly forbids the driver-LINQ fallback.'
FunctionalTests.Mapping.DiscriminatorTests.OfType_does_not_break_entity_serializer_association	EF10,EF8,EF9	NativeTranslationNotSupportedException : Query is not natively representable and MongoQueryMode.NativeOnly forbids the driver-LINQ fallback.'
FunctionalTests.Mapping.DiscriminatorTests.Returns_correct_entities_with_mixed_query	EF10,EF8,EF9	NativeTranslationNotSupportedException : Query is not natively representable and MongoQueryMode.NativeOnly forbids the driver-LINQ fallback.'
FunctionalTests.Mapping.DiscriminatorTests.Returns_correct_entity_where_GetType_query	EF10,EF8,EF9	NativeTranslationNotSupportedException : Query is not natively representable and MongoQueryMode.NativeOnly forbids the driver-LINQ fallback.'
FunctionalTests.Mapping.DiscriminatorTests.Returns_correct_entity_where_is_type_query	EF10,EF8,EF9	NativeTranslationNotSupportedException : Query is not natively representable and MongoQueryMode.NativeOnly forbids the driver-LINQ fallback.'
FunctionalTests.Mapping.DiscriminatorTests.Returns_correct_values_when_navigation_shared_between_entities	EF10,EF8,EF9	NativeTranslationNotSupportedException : Query is not natively representable and MongoQueryMode.NativeOnly forbids the driver-LINQ fallback.'
FunctionalTests.Mapping.DiscriminatorTests.Returns_correct_values_when_property_name_shared_between_entities	EF10,EF8,EF9	NativeTranslationNotSupportedException : Query is not natively representable and MongoQueryMode.NativeOnly forbids the driver-LINQ fallback.'
FunctionalTests.Mapping.ValueConverterTests.Double_can_deserialize_and_query_from_string_default	EF10,EF8,EF9	NativeTranslationNotSupportedException : Query is not natively representable and MongoQueryMode.NativeOnly forbids the driver-LINQ fallback.'
FunctionalTests.Mapping.ValueConverterTests.Guid_can_deserialize_and_query_from_string_default	EF10,EF8,EF9	NativeTranslationNotSupportedException : Query is not natively representable and MongoQueryMode.NativeOnly forbids the driver-LINQ fallback.'
FunctionalTests.Query.CompositeKeyQueryTests.Should_match_entity_array_contains	EF10,EF8,EF9	NativeTranslationNotSupportedException : Query is not natively representable and MongoQueryMode.NativeOnly forbids the driver-LINQ fallback.'
FunctionalTests.Query.CrossCollectionIncludeTests.Chained_self_referencing_navigation_filter_resolves_reference_not_inverse_collection	EF10	NativeTranslationNotSupportedException : Query projects a non-entity result and MongoQueryMode.NativeOnly forbids the driver-LINQ fallback.'
FunctionalTests.Query.CrossCollectionRelationshipTests.Distinct_between_two_joins_returns_the_correct_rows	EF10,EF8,EF9	NativeTranslationNotSupportedException : Query is not natively representable and MongoQueryMode.NativeOnly forbids the driver-LINQ fallback.'
FunctionalTests.Query.CrossCollectionRelationshipTests.Include_tph_derived_target_collection_nav_excludes_sibling_type_rows	EF10,EF8,EF9	NativeTranslationNotSupportedException : Native pipeline does not support lookup for navigation 'PriorityOrders' (only single-level reference and single-level c
FunctionalTests.Query.CrossCollectionRelationshipTests.Skip_between_two_joins_returns_the_correct_page	EF10,EF8,EF9	NativeTranslationNotSupportedException : Query is not natively representable and MongoQueryMode.NativeOnly forbids the driver-LINQ fallback.'
FunctionalTests.Query.CrossCollectionRelationshipTests.Take_between_two_joins_returns_the_correct_page	EF10,EF8,EF9	NativeTranslationNotSupportedException : Query is not natively representable and MongoQueryMode.NativeOnly forbids the driver-LINQ fallback.'
FunctionalTests.Query.CrossCollectionRelationshipTests.Take_between_two_joins_to_same_target_entity_type_returns_the_correct_page	EF10,EF8,EF9	NativeTranslationNotSupportedException : Query is not natively representable and MongoQueryMode.NativeOnly forbids the driver-LINQ fallback.'
FunctionalTests.Query.DateTimeOffsetMemberProjectionTests.Select_DateTimeOffset_DateTime_component_with_string_representation_throws	EF10,EF8,EF9	Assert.Throws() Failure: Exception type was not an exact match\nExpected: typeof(System.NotSupportedException)\nActual:   typeof(NativeTranslationNotSupportedEx
FunctionalTests.Query.DateTimeOffsetMemberProjectionTests.Select_DateTimeOffset_DateTime_component_with_value_converter_throws	EF10,EF8,EF9	Assert.Throws() Failure: Exception type was not an exact match\nExpected: typeof(System.NotSupportedException)\nActual:   typeof(NativeTranslationNotSupportedEx
FunctionalTests.Query.DateTimeOffsetMemberProjectionTests.Select_DateTimeOffset_remaining_components	EF10,EF8,EF9	NativeTranslationNotSupportedException : Query projects a non-entity result and MongoQueryMode.NativeOnly forbids the driver-LINQ fallback.'
FunctionalTests.Query.Ef369MultiJoinComposedTests.ThenInclude_with_composed_projection_Select	EF10	NativeTranslationNotSupportedException : Query projects a non-entity result and MongoQueryMode.NativeOnly forbids the driver-LINQ fallback.'
FunctionalTests.Query.FindTests.Find_equivalent_in_LINQ_v3_works_when_constant_nullable	EF10,EF8,EF9	NativeTranslationNotSupportedException : Query is not natively representable and MongoQueryMode.NativeOnly forbids the driver-LINQ fallback.'
FunctionalTests.Query.MqlMethodTests.Where_Mql_Exists_does_not_return_entities_with_missing_navigation	EF10,EF8,EF9	NativeTranslationNotSupportedException : Query is not natively representable and MongoQueryMode.NativeOnly forbids the driver-LINQ fallback.'
FunctionalTests.Query.MqlMethodTests.Where_Mql_Exists_does_not_return_entities_with_missing_property	EF10,EF8,EF9	NativeTranslationNotSupportedException : Query is not natively representable and MongoQueryMode.NativeOnly forbids the driver-LINQ fallback.'
FunctionalTests.Query.MqlMethodTests.Where_Mql_IsMissingOrNull_returns_entities_with_null_or_missing_property	EF10,EF8,EF9	NativeTranslationNotSupportedException : Query is not natively representable and MongoQueryMode.NativeOnly forbids the driver-LINQ fallback.'
FunctionalTests.Query.MqlMethodTests.Where_Mql_IsMissing_returns_entities_with_missing_property	EF10,EF8,EF9	NativeTranslationNotSupportedException : Query is not natively representable and MongoQueryMode.NativeOnly forbids the driver-LINQ fallback.'
FunctionalTests.Query.OwnedEntityTests.OwnedEntity_collection_can_be_tested_for_not_null	EF10,EF8,EF9	NativeTranslationNotSupportedException : Query is not natively representable and MongoQueryMode.NativeOnly forbids the driver-LINQ fallback.'
FunctionalTests.Query.OwnedEntityTests.OwnedEntity_collection_can_be_tested_for_null	EF10,EF8,EF9	NativeTranslationNotSupportedException : Query is not natively representable and MongoQueryMode.NativeOnly forbids the driver-LINQ fallback.'
FunctionalTests.Query.OwnedEntityTests.OwnedEntity_collection_field_can_be_tested_for_not_null	EF10,EF8,EF9	NativeTranslationNotSupportedException : Query is not natively representable and MongoQueryMode.NativeOnly forbids the driver-LINQ fallback.'
FunctionalTests.Query.OwnedEntityTests.OwnedEntity_collection_field_can_be_tested_for_null	EF10,EF8,EF9	NativeTranslationNotSupportedException : Query is not natively representable and MongoQueryMode.NativeOnly forbids the driver-LINQ fallback.'
FunctionalTests.Query.OwnedEntityTests.OwnedEntity_collection_leaf_projection_with_nested_collection_element	EF10,EF8,EF9	NativeTranslationNotSupportedException : Query projects a non-entity result and MongoQueryMode.NativeOnly forbids the driver-LINQ fallback.'
FunctionalTests.Query.OwnedEntityTests.OwnedEntity_collection_projection_alias_with_bson_representation_uses_owned_property_serializer	EF10,EF8,EF9	NativeTranslationNotSupportedException : Query projects a non-entity result and MongoQueryMode.NativeOnly forbids the driver-LINQ fallback.'
FunctionalTests.Query.OwnedEntityTests.OwnedEntity_dotted_scalar_leaf_projects_alongside_array_leaf	EF10,EF8,EF9	NativeTranslationNotSupportedException : Query projects a non-entity result and MongoQueryMode.NativeOnly forbids the driver-LINQ fallback.'
FunctionalTests.Query.OwnedEntityTests.OwnedEntity_nested_one_level_collection_any_match	EF10,EF8,EF9	NativeTranslationNotSupportedException : Query is not natively representable and MongoQueryMode.NativeOnly forbids the driver-LINQ fallback.'
FunctionalTests.Query.OwnedEntityTests.OwnedEntity_nested_one_level_collection_any_not_match	EF10,EF8,EF9	NativeTranslationNotSupportedException : Query is not natively representable and MongoQueryMode.NativeOnly forbids the driver-LINQ fallback.'
FunctionalTests.Query.OwnedEntityTests.OwnedEntity_nested_one_level_collection_match	EF10,EF8,EF9	NativeTranslationNotSupportedException : Query is not natively representable and MongoQueryMode.NativeOnly forbids the driver-LINQ fallback.'
FunctionalTests.Query.OwnedEntityTests.OwnedEntity_nested_one_level_collection_not_match	EF10,EF8,EF9	NativeTranslationNotSupportedException : Query is not natively representable and MongoQueryMode.NativeOnly forbids the driver-LINQ fallback.'
FunctionalTests.Query.OwnedEntityTests.OwnedEntity_nested_one_level_first_matching_location	EF10,EF8,EF9	NativeTranslationNotSupportedException : Query is not natively representable and MongoQueryMode.NativeOnly forbids the driver-LINQ fallback.'
FunctionalTests.Query.OwnedEntityTests.OwnedEntity_nested_one_level_where_no_matching_location	EF10,EF8,EF9	NativeTranslationNotSupportedException : Query is not natively representable and MongoQueryMode.NativeOnly forbids the driver-LINQ fallback.'
FunctionalTests.Query.OwnedEntityTests.OwnedEntity_projection_alias_with_bson_representation_uses_owned_property_serializer	EF10,EF8,EF9	NativeTranslationNotSupportedException : Query projects a non-entity result and MongoQueryMode.NativeOnly forbids the driver-LINQ fallback.'
FunctionalTests.Query.OwnedEntityTests.OwnedEntity_two_level_dotted_scalar_leaf_projects_alongside_array_leaf	EF10,EF8,EF9	NativeTranslationNotSupportedException : Query projects a non-entity result and MongoQueryMode.NativeOnly forbids the driver-LINQ fallback.'
FunctionalTests.Query.ProjectionTests.Average_with_value_converter	EF10,EF8,EF9	NativeTranslationNotSupportedException : Query projects a non-entity result and MongoQueryMode.NativeOnly forbids the driver-LINQ fallback.'
FunctionalTests.Query.ProjectionTests.Count_with_value_converter_in_predicate_is_refused	EF10,EF8,EF9	Assert.Throws() Failure: Exception type was not an exact match\nExpected: typeof(System.NotSupportedException)\nActual:   typeof(NativeTranslationNotSupportedEx
FunctionalTests.Query.ProjectionTests.Max_with_value_converter	EF10,EF8,EF9	NativeTranslationNotSupportedException : Query projects a non-entity result and MongoQueryMode.NativeOnly forbids the driver-LINQ fallback.'
FunctionalTests.Query.ProjectionTests.Min_with_value_converter	EF10,EF8,EF9	NativeTranslationNotSupportedException : Query projects a non-entity result and MongoQueryMode.NativeOnly forbids the driver-LINQ fallback.'
FunctionalTests.Query.ProjectionTests.Select_projection_alias_with_bson_representation_nullable_lift	EF10,EF8,EF9	NativeTranslationNotSupportedException : Query projects a non-entity result and MongoQueryMode.NativeOnly forbids the driver-LINQ fallback.'
FunctionalTests.Query.ProjectionTests.Select_projection_alias_with_bson_representation_widening_cast	EF10,EF8,EF9	NativeTranslationNotSupportedException : Query projects a non-entity result and MongoQueryMode.NativeOnly forbids the driver-LINQ fallback.'
FunctionalTests.Query.ProjectionTests.Select_projection_calculated_from_ef_property_and_mql_field	EF10,EF8,EF9	NativeTranslationNotSupportedException : Query projects a non-entity result and MongoQueryMode.NativeOnly forbids the driver-LINQ fallback.'
FunctionalTests.Query.ProjectionTests.Select_projection_complex_combination_nested	EF10,EF8,EF9	NativeTranslationNotSupportedException : Query projects a non-entity result and MongoQueryMode.NativeOnly forbids the driver-LINQ fallback.'
FunctionalTests.Query.ProjectionTests.Select_projection_deeply_nested_anonymous	EF10,EF8,EF9	NativeTranslationNotSupportedException : Query projects a non-entity result and MongoQueryMode.NativeOnly forbids the driver-LINQ fallback.'
FunctionalTests.Query.ProjectionTests.Select_projection_entity_and_mql_field	EF10,EF8,EF9	NativeTranslationNotSupportedException : Query projects a non-entity result and MongoQueryMode.NativeOnly forbids the driver-LINQ fallback.'
FunctionalTests.Query.ProjectionTests.Select_projection_mixed_ef_property_and_mql_field	EF10,EF8,EF9	NativeTranslationNotSupportedException : Query projects a non-entity result and MongoQueryMode.NativeOnly forbids the driver-LINQ fallback.'
FunctionalTests.Query.ProjectionTests.Select_projection_nested_anonymous_with_calculated_fields	EF10,EF8,EF9	NativeTranslationNotSupportedException : Query projects a non-entity result and MongoQueryMode.NativeOnly forbids the driver-LINQ fallback.'
FunctionalTests.Query.ProjectionTests.Select_projection_nested_anonymous_with_mql_field	EF10,EF8,EF9	NativeTranslationNotSupportedException : Query projects a non-entity result and MongoQueryMode.NativeOnly forbids the driver-LINQ fallback.'
FunctionalTests.Query.ProjectionTests.Select_projection_nested_entity	EF10,EF8,EF9	NativeTranslationNotSupportedException : Query projects a non-entity result and MongoQueryMode.NativeOnly forbids the driver-LINQ fallback.'
FunctionalTests.Query.ProjectionTests.Select_projection_nested_entity_and_scalar	EF10,EF8,EF9	NativeTranslationNotSupportedException : Query projects a non-entity result and MongoQueryMode.NativeOnly forbids the driver-LINQ fallback.'
FunctionalTests.Query.ProjectionTests.Select_projection_nested_with_value_converter	EF10,EF8,EF9	NativeTranslationNotSupportedException : Query projects a non-entity result and MongoQueryMode.NativeOnly forbids the driver-LINQ fallback.'
FunctionalTests.Query.ProjectionTests.Select_projection_nested_with_value_converter_ef_property	EF10,EF8,EF9	NativeTranslationNotSupportedException : Query projects a non-entity result and MongoQueryMode.NativeOnly forbids the driver-LINQ fallback.'
FunctionalTests.Query.ProjectionTests.Select_projection_owned_type	EF10,EF8,EF9	NativeTranslationNotSupportedException : Query projects a non-entity result and MongoQueryMode.NativeOnly forbids the driver-LINQ fallback.'
FunctionalTests.Query.ProjectionTests.Select_projection_to_anonymous_via_mql_field	EF10,EF8,EF9	NativeTranslationNotSupportedException : Query projects a non-entity result and MongoQueryMode.NativeOnly forbids the driver-LINQ fallback.'
FunctionalTests.Query.ProjectionTests.Select_projection_to_tuple	EF10,EF8,EF9	NativeTranslationNotSupportedException : Query projects a non-entity result and MongoQueryMode.NativeOnly forbids the driver-LINQ fallback.'
FunctionalTests.Query.ProjectionTests.Select_projection_with_subquery_count	EF10,EF8,EF9	NativeTranslationNotSupportedException : Query projects a non-entity result and MongoQueryMode.NativeOnly forbids the driver-LINQ fallback.'
FunctionalTests.Query.ProjectionTests.Sum_with_mql_field_and_field	EF10,EF8,EF9	NativeTranslationNotSupportedException : Query projects a non-entity result and MongoQueryMode.NativeOnly forbids the driver-LINQ fallback.'
FunctionalTests.Query.ProjectionTests.Sum_with_value_converter	EF10,EF8,EF9	NativeTranslationNotSupportedException : Query projects a non-entity result and MongoQueryMode.NativeOnly forbids the driver-LINQ fallback.'
FunctionalTests.Query.ProjectionTests.Sum_with_value_converter_via_ef_property	EF10,EF8,EF9	NativeTranslationNotSupportedException : Query projects a non-entity result and MongoQueryMode.NativeOnly forbids the driver-LINQ fallback.'
FunctionalTests.Query.ShadowPropertyFlatJoinProjectionTests.Shadow_property_via_EF_Property_in_flat_multi_join_projection_materializes_value	EF10,EF8,EF9	NativeTranslationNotSupportedException : Query projects a non-entity result and MongoQueryMode.NativeOnly forbids the driver-LINQ fallback.'
FunctionalTests.Query.ShadowPropertyJoinProjectionTests.Shadow_property_via_EF_Property_in_join_projection_materializes_value	EF10,EF8,EF9	NativeTranslationNotSupportedException : Query projects a non-entity result and MongoQueryMode.NativeOnly forbids the driver-LINQ fallback.'
FunctionalTests.Query.SharedClrTypeProjectionTests.Collection_alias_projection_from_primary_uses_its_own_serializer_member_access	EF10,EF8,EF9	NativeTranslationNotSupportedException : Query projects a non-entity result and MongoQueryMode.NativeOnly forbids the driver-LINQ fallback.'
FunctionalTests.Query.SharedClrTypeProjectionTests.Collection_alias_projection_from_secondary_uses_its_own_serializer_bare_scalar	EF10,EF8,EF9	NativeTranslationNotSupportedException : Query projects a non-entity result and MongoQueryMode.NativeOnly forbids the driver-LINQ fallback.'
FunctionalTests.Query.SharedClrTypeProjectionTests.Collection_alias_projection_from_secondary_uses_its_own_serializer_member_access	EF10,EF8,EF9	NativeTranslationNotSupportedException : Query projects a non-entity result and MongoQueryMode.NativeOnly forbids the driver-LINQ fallback.'
FunctionalTests.Query.ThenIncludeThroughOwnedNavigationTests.ThenInclude_reaching_through_an_owned_navigation_after_a_prior_join_resolves_the_nested_reference	EF10	NativeTranslationNotSupportedException : Query is not natively representable and MongoQueryMode.NativeOnly forbids the driver-LINQ fallback.'
FunctionalTests.Query.ThenIncludeThroughOwnedNavigationTests.ThenInclude_through_one_of_two_sibling_owned_navigations_sharing_a_clr_type_resolves_the_correct_one	EF10	NativeTranslationNotSupportedException : Query is not natively representable and MongoQueryMode.NativeOnly forbids the driver-LINQ fallback.'
FunctionalTests.Query.UnsupportedQueriesTests.Cast_to_child_not_supported_in_driver	EF10,EF8,EF9	Assert.Throws() Failure: Exception type was not an exact match\nExpected: typeof(MongoDB.Driver.Linq.ExpressionNotSupportedException)\nActual:   typeof(NativeTr
FunctionalTests.Query.UnsupportedQueriesTests.GroupBy_cannot_be_translated	EF10,EF8,EF9	Assert.Throws() Failure: Exception type was not an exact match\nExpected: typeof(System.InvalidOperationException)\nActual:   typeof(NativeTranslationNotSupport
FunctionalTests.Query.UnsupportedQueriesTests.GroupBy_with_element_selector_cannot_be_translated	EF10,EF8,EF9	Assert.Throws() Failure: Exception type was not an exact match\nExpected: typeof(System.InvalidOperationException)\nActual:   typeof(NativeTranslationNotSupport
FunctionalTests.Query.UnsupportedQueriesTests.Join_can_be_translated	EF10,EF8,EF9	NativeTranslationNotSupportedException : Query projects a non-entity result and MongoQueryMode.NativeOnly forbids the driver-LINQ fallback.'
FunctionalTests.Query.UnsupportedQueriesTests.Select_can_select_foreign_navigation	EF10,EF8,EF9	NativeTranslationNotSupportedException : Streaming materializer found a value read for property '_id' with no streaming local."
FunctionalTests.Query.WhereDictionaryTests.Where_Dictionary_contains_key	EF10,EF8,EF9	NativeTranslationNotSupportedException : Query is not natively representable and MongoQueryMode.NativeOnly forbids the driver-LINQ fallback.'
FunctionalTests.Query.WhereDictionaryTests.Where_Dictionary_key_equals_null	EF10,EF8,EF9	NativeTranslationNotSupportedException : Query is not natively representable and MongoQueryMode.NativeOnly forbids the driver-LINQ fallback.'
FunctionalTests.Query.WhereDictionaryTests.Where_Dictionary_key_equals_value	EF10,EF8,EF9	NativeTranslationNotSupportedException : Query is not natively representable and MongoQueryMode.NativeOnly forbids the driver-LINQ fallback.'
FunctionalTests.Query.WhereDictionaryTests.Where_Dictionary_key_not_equals_null	EF10,EF8,EF9	NativeTranslationNotSupportedException : Query is not natively representable and MongoQueryMode.NativeOnly forbids the driver-LINQ fallback.'
FunctionalTests.Query.WhereDictionaryTests.Where_Dictionary_value_in_range	EF10,EF8,EF9	NativeTranslationNotSupportedException : Query is not natively representable and MongoQueryMode.NativeOnly forbids the driver-LINQ fallback.'
FunctionalTests.Query.WhereDictionaryTests.Where_IDictionary_contains_key	EF10,EF8,EF9	NativeTranslationNotSupportedException : Query is not natively representable and MongoQueryMode.NativeOnly forbids the driver-LINQ fallback.'
FunctionalTests.Query.WhereDictionaryTests.Where_IDictionary_key_equals_value	EF10,EF8,EF9	NativeTranslationNotSupportedException : Query is not natively representable and MongoQueryMode.NativeOnly forbids the driver-LINQ fallback.'
FunctionalTests.Query.WhereDictionaryTests.Where_IDictionary_value_in_range	EF10,EF8,EF9	NativeTranslationNotSupportedException : Query is not natively representable and MongoQueryMode.NativeOnly forbids the driver-LINQ fallback.'
FunctionalTests.Query.WhereDictionaryTests.Where_ReadOnlyDictionary_contains_key	EF10,EF8,EF9	NativeTranslationNotSupportedException : Query is not natively representable and MongoQueryMode.NativeOnly forbids the driver-LINQ fallback.'
FunctionalTests.Query.WhereDictionaryTests.Where_ReadOnlyDictionary_key_equals_value	EF10,EF8,EF9	NativeTranslationNotSupportedException : Query is not natively representable and MongoQueryMode.NativeOnly forbids the driver-LINQ fallback.'
FunctionalTests.Query.WhereTests.Where_string_array_any	EF10,EF8,EF9	NativeTranslationNotSupportedException : Query is not natively representable and MongoQueryMode.NativeOnly forbids the driver-LINQ fallback.'
FunctionalTests.Query.WhereTests.Where_string_array_count	EF10,EF8,EF9	NativeTranslationNotSupportedException : Query is not natively representable and MongoQueryMode.NativeOnly forbids the driver-LINQ fallback.'
FunctionalTests.Query.WhereTests.Where_string_array_length	EF10,EF8,EF9	NativeTranslationNotSupportedException : Query is not natively representable and MongoQueryMode.NativeOnly forbids the driver-LINQ fallback.'
FunctionalTests.Query.WhereTests.Where_string_list_any	EF10,EF8,EF9	NativeTranslationNotSupportedException : Query is not natively representable and MongoQueryMode.NativeOnly forbids the driver-LINQ fallback.'
FunctionalTests.Query.WhereTests.Where_string_list_count	EF10,EF8,EF9	NativeTranslationNotSupportedException : Query is not natively representable and MongoQueryMode.NativeOnly forbids the driver-LINQ fallback.'
FunctionalTests.Update.UpdateEntityTests.Update_dictionary_property_with_struct_value	EF10,EF8,EF9	NativeTranslationNotSupportedException : Query is not natively representable and MongoQueryMode.NativeOnly forbids the driver-LINQ fallback.'
SpecificationTests.Query.AdHocJsonQueryMongoTest.Project_missing_required_navigation	EF9	Assert.Throws() Failure: Exception type was not an exact match\nExpected: typeof(System.InvalidOperationException)\nActual:   typeof(NativeTranslationNotSupport
SpecificationTests.Query.AdHocJsonQueryMongoTest.Project_null_required_navigation	EF9	Assert.Throws() Failure: Exception type was not an exact match\nExpected: typeof(System.InvalidOperationException)\nActual:   typeof(NativeTranslationNotSupport
SpecificationTests.Query.AdHocJsonQueryMongoTest.Project_top_level_entity_with_null_value_required_scalars	EF9	NativeTranslationNotSupportedException : Query projects a non-entity result and MongoQueryMode.NativeOnly forbids the driver-LINQ fallback.'
SpecificationTests.Query.AdHocJsonQueryMongoTest.Project_top_level_json_entity_with_missing_scalars	EF9	Assert.Throws() Failure: Exception type was not an exact match\nExpected: typeof(System.InvalidOperationException)\nActual:   typeof(NativeTranslationNotSupport
SpecificationTests.Query.NorthwindDbFunctionsQueryMongoTest.Random_return_greater_than_0	EF8,EF9	Assert.Throws() Failure: Exception type was not an exact match\nExpected: typeof(System.Reflection.TargetInvocationException)\nActual:   typeof(NativeTranslatio
SpecificationTests.Query.NorthwindDbFunctionsQueryMongoTest.Random_return_less_than_1	EF8,EF9	Assert.Throws() Failure: Exception type was not an exact match\nExpected: typeof(System.Reflection.TargetInvocationException)\nActual:   typeof(NativeTranslatio
SpecificationTests.Query.NorthwindFunctionsQueryMongoTest.DateTime_Compare_to_simple_zero	EF8,EF9	NativeTranslationNotSupportedException : Query is not natively representable and MongoQueryMode.NativeOnly forbids the driver-LINQ fallback.'
SpecificationTests.Query.NorthwindFunctionsQueryMongoTest.Int_Compare_to_simple_zero	EF8,EF9	NativeTranslationNotSupportedException : Query is not natively representable and MongoQueryMode.NativeOnly forbids the driver-LINQ fallback.'
SpecificationTests.Query.NorthwindFunctionsQueryMongoTest.Static_equals_nullable_datetime_compared_to_non_nullable	EF8,EF9	NativeTranslationNotSupportedException : Query is not natively representable and MongoQueryMode.NativeOnly forbids the driver-LINQ fallback.'
SpecificationTests.Query.NorthwindFunctionsQueryMongoTest.String_Compare_nested	EF8,EF9	NativeTranslationNotSupportedException : Query is not natively representable and MongoQueryMode.NativeOnly forbids the driver-LINQ fallback.'
SpecificationTests.Query.NorthwindFunctionsQueryMongoTest.String_Compare_to_nested	EF8,EF9	NativeTranslationNotSupportedException : Query is not natively representable and MongoQueryMode.NativeOnly forbids the driver-LINQ fallback.'
SpecificationTests.Query.NorthwindFunctionsQueryMongoTest.String_Contains_with_StringComparison_unsupported	EF9	NativeTranslationNotSupportedException : Query is not natively representable and MongoQueryMode.NativeOnly forbids the driver-LINQ fallback.'
SpecificationTests.Query.NorthwindFunctionsQueryMongoTest.String_EndsWith_with_StringComparison_unsupported	EF9	NativeTranslationNotSupportedException : Query is not natively representable and MongoQueryMode.NativeOnly forbids the driver-LINQ fallback.'
SpecificationTests.Query.NorthwindFunctionsQueryMongoTest.String_StartsWith_with_StringComparison_unsupported	EF9	NativeTranslationNotSupportedException : Query is not natively representable and MongoQueryMode.NativeOnly forbids the driver-LINQ fallback.'
SpecificationTests.Query.NorthwindFunctionsQueryMongoTest.TimeSpan_Compare_to_simple_zero	EF8,EF9	NativeTranslationNotSupportedException : Query is not natively representable and MongoQueryMode.NativeOnly forbids the driver-LINQ fallback.'
SpecificationTests.Query.NorthwindFunctionsQueryMongoTest.Where_guid_newguid	EF8,EF9	Assert.Throws() Failure: Exception type was not an exact match\nExpected: typeof(System.InvalidOperationException)\nActual:   typeof(NativeTranslationNotSupport
SpecificationTests.Query.NorthwindGroupByQueryMongoTest.GroupBy_aggregate_using_grouping_key_Pushdown	EF10,EF8,EF9	NativeTranslationNotSupportedException : Query projects a non-entity result and MongoQueryMode.NativeOnly forbids the driver-LINQ fallback.'
SpecificationTests.Query.NorthwindMiscellaneousQueryMongoTest.Perform_identity_resolution_reuses_same_instances_across_joins	EF10,EF8,EF9	NativeTranslationNotSupportedException : Query projects a non-entity result and MongoQueryMode.NativeOnly forbids the driver-LINQ fallback.'
SpecificationTests.Query.NorthwindMiscellaneousQueryMongoTest.Random_next_is_not_funcletized_1	EF8,EF9	Assert.Throws() Failure: Exception type was not an exact match\nExpected: typeof(System.InvalidOperationException)\nActual:   typeof(NativeTranslationNotSupport
SpecificationTests.Query.NorthwindMiscellaneousQueryMongoTest.Random_next_is_not_funcletized_2	EF8,EF9	Assert.Throws() Failure: Exception type was not an exact match\nExpected: typeof(System.InvalidOperationException)\nActual:   typeof(NativeTranslationNotSupport
SpecificationTests.Query.NorthwindMiscellaneousQueryMongoTest.Random_next_is_not_funcletized_3	EF8,EF9	Assert.Throws() Failure: Exception type was not an exact match\nExpected: typeof(System.InvalidOperationException)\nActual:   typeof(NativeTranslationNotSupport
SpecificationTests.Query.NorthwindMiscellaneousQueryMongoTest.Random_next_is_not_funcletized_4	EF8,EF9	Assert.Throws() Failure: Exception type was not an exact match\nExpected: typeof(System.InvalidOperationException)\nActual:   typeof(NativeTranslationNotSupport
SpecificationTests.Query.NorthwindMiscellaneousQueryMongoTest.Random_next_is_not_funcletized_5	EF8,EF9	Assert.Throws() Failure: Exception type was not an exact match\nExpected: typeof(System.InvalidOperationException)\nActual:   typeof(NativeTranslationNotSupport
SpecificationTests.Query.NorthwindMiscellaneousQueryMongoTest.Random_next_is_not_funcletized_6	EF8,EF9	Assert.Throws() Failure: Exception type was not an exact match\nExpected: typeof(System.InvalidOperationException)\nActual:   typeof(NativeTranslationNotSupport
SpecificationTests.Query.NorthwindMiscellaneousQueryMongoTest.Select_expression_datetime_add_ticks	EF10,EF8,EF9	NativeTranslationNotSupportedException : Query is not natively representable and MongoQueryMode.NativeOnly forbids the driver-LINQ fallback.'
SpecificationTests.Query.NorthwindMiscellaneousQueryMongoTest.Select_expression_other_to_string	EF10,EF8,EF9	NativeTranslationNotSupportedException : Query is not natively representable and MongoQueryMode.NativeOnly forbids the driver-LINQ fallback.'
SpecificationTests.Query.NorthwindMiscellaneousQueryMongoTest.Where_bitwise_binary_and	EF8,EF9	NativeTranslationNotSupportedException : Query is not natively representable and MongoQueryMode.NativeOnly forbids the driver-LINQ fallback.'
SpecificationTests.Query.NorthwindMiscellaneousQueryMongoTest.Where_bitwise_binary_not	EF8,EF9	NativeTranslationNotSupportedException : Query is not natively representable and MongoQueryMode.NativeOnly forbids the driver-LINQ fallback.'
SpecificationTests.Query.NorthwindMiscellaneousQueryMongoTest.Where_bitwise_binary_or	EF8,EF9	NativeTranslationNotSupportedException : Query is not natively representable and MongoQueryMode.NativeOnly forbids the driver-LINQ fallback.'
SpecificationTests.Query.NorthwindMiscellaneousQueryMongoTest.Where_bitwise_binary_xor	EF9	NativeTranslationNotSupportedException : Query is not natively representable and MongoQueryMode.NativeOnly forbids the driver-LINQ fallback.'
SpecificationTests.Query.NorthwindNavigationsQueryMongoTest.Collection_select_nav_prop_predicate	EF8	NativeTranslationNotSupportedException : Query projects a non-entity result and MongoQueryMode.NativeOnly forbids the driver-LINQ fallback.'
SpecificationTests.Query.NorthwindWhereQueryMongoTest.Where_date_add_year_constant_component	EF8,EF9	NativeTranslationNotSupportedException : Query is not natively representable and MongoQueryMode.NativeOnly forbids the driver-LINQ fallback.'
SpecificationTests.Query.NorthwindWhereQueryMongoTest.Where_datetime_now	EF8,EF9	NativeTranslationNotSupportedException : Query is not natively representable and MongoQueryMode.NativeOnly forbids the driver-LINQ fallback.'
SpecificationTests.Query.NorthwindWhereQueryMongoTest.Where_datetime_today	EF8,EF9	NativeTranslationNotSupportedException : Query is not natively representable and MongoQueryMode.NativeOnly forbids the driver-LINQ fallback.'
SpecificationTests.Query.NorthwindWhereQueryMongoTest.Where_datetime_utcnow	EF8,EF9	NativeTranslationNotSupportedException : Query is not natively representable and MongoQueryMode.NativeOnly forbids the driver-LINQ fallback.'
SpecificationTests.Query.NorthwindWhereQueryMongoTest.Where_datetimeoffset_utcnow	EF8,EF9	NativeTranslationNotSupportedException : Query is not natively representable and MongoQueryMode.NativeOnly forbids the driver-LINQ fallback.'
