file:line	test	family	oracle	decline_site	sketch
NativeGroupByTests.cs:231	Bare_grouping_sequence_falls_back_under_native_only	Final GroupBy (IGrouping result)	THROWS (main spec Final_GroupBy_* = AssertTranslationFailed)	MongoShapedQueryCompilingExpressionVisitor.cs:222-227 (Route Fallback, MongoSelectDefinition.cs:1250)	out of scope
NativeGroupByTests.cs:268	GroupBy_bson_represented_key_falls_back	K-key-nondefault-serialization	OK ([(New,3),(Shipped,2)])	MongoExpressionTranslator.cs:173 via NativeGroupByBinder.TryBindKeyPartValue:142	bare field key part via TryTranslateField; read _id through property serializer
NativeGroupByTests.cs:281	GroupBy_aggregate_over_a_non_grouping_source_falls_back_under_native_only	subquery in group projection	UNSURE (no driver result asserted)	NativeGroupByBinder.cs:764-765 then 323-325	needs separate $lookup/$facet; defer
NativeGroupByTests.cs:297	GroupBy_combined_with_Join_throws_clean_translation_failure_under_native	Join over grouped source	WRONG (driver returns empty joined entities)	QMTEV.cs:2241-2244 MarkGroupByFallbackUnsafe; gate MongoShapedQueryCompilingExpressionVisitor.cs:160-173	out of scope; main bug
NativeGroupByTests.cs:465	GroupBy_accumulator_named_id_falls_back_and_matches_driver_linq	G-accumulator-gaps(_id alias)	OK (unasserted; LINQ [1,2,2])	NativeGroupByBinder.cs:746-747	synthetic accumulator field, flatten $project _id:"$__acc"
NativeGroupByTests.cs:718	GroupBy_OrderBy_computed_expression_before_select_falls_back_under_native_only	G-accumulator-gaps(computed order key)	OK (unasserted)	NativeGroupByBinder.cs:269-270	bind inner accumulators, $addFields computed key, $sort
NativeGroupByTests.cs:1275	GroupBy_then_bare_Count_after_Skip_declines_instead_of_silently_dropping_paging	D-group-paging-order	OK (2)	NativeGroupByBinder.cs:1472-1473 (-> NativeCardinalityBinder.cs:265)	carry PendingGroupPaging into SetGroupedTerminalAggregate; emit $sort/$skip/$limit before $count
NativeGroupByTests.cs:1309	GroupBy_Skip_then_HAVING_declines_instead_of_misordering	D-group-paging-order	OK ([(UK,2),(US,2)])	NativeSlotPopulator.cs:60-63	ordered group-level op list (sort/skip/match) instead of fixed HAVING-then-paging
NativeGroupByTests.cs:1334	GroupBy_then_Any_with_compound_predicate_falls_back_under_native_only	G-accumulator-gaps(compound group predicate)	OK (unasserted; true)	NativeGroupByBinder.cs:1599-1606 via TryBindGroupWherePredicate -> NativeSlotPopulator.cs:68-70	&&/|| of group comparisons, one accumulator per side; De Morgan for All
NativeGroupByTests.cs:1438	GroupBy_Select_with_distinct_aggregate_over_computed_selector_falls_back_under_native_only	G-accumulator-gaps($addToSet computed)	OK (unasserted)	NativeGroupByBinder.cs:1263-1266	allow TryTranslateValue selector in TryBindDistinctAccumulator
NativeGroupByTests.cs:1558	GroupBy_empty_key_Where_on_bare_Key_against_non_null_value_declines_to_driver_linq	zero-part key vs sentinel	UNSURE (driver [675]; C# anon == is reference equality -> [])	NativeGroupByBinder.cs:718-725 via 1610 -> NativeSlotPopulator.cs:68-70	owner ruling needed; leave declined
NativeGroupByTests.cs:1615	GroupBy_empty_key_Key_vs_non_null_value_inside_accumulator_declines	zero-part key vs sentinel	UNSURE (same semantics question)	NativeGroupByBinder.cs:1015-1022	owner ruling needed
NativeGroupByTests.cs:1821	GroupBy_single_member_anonymous_key_whole_Key_null_check_inside_accumulator_declines	G-accumulator-gaps(whole composite key null check)	OK (unasserted; LINQ [0,0,0])	NativeGroupByBinder.cs:1012-1013	fold composite g.Key ==/!= null to constant
NativeGroupByTests.cs:1858	GroupBy_nested_anonymous_key_Key_member_inside_accumulator_declines	G-accumulator-gaps(nested anonymous key)	OK ([0,0,2])	NativeGroupByBinder.cs:145-146	sub-document key part _id.Inner.Country; multi-hop TryGetKeyMemberPath/raw resolve
NativeGroupByTests.cs:2145	Nested_GroupBy_after_first_level_paging_declines_instead_of_dropping_the_paging	C-nested-groupby-stack	OK ([(2,2)])	QMTEV.cs:2170-2173	snapshot GroupPagingOps with prior stage (stage stack)
NativeGroupByTests.cs:2447	Bare_accumulator_then_outer_Sum_still_declines_under_NativeOnly	G-accumulator-gaps(selectorless Sum/Avg post-group)	OK (unasserted; 675)	NativeCardinalityBinder.cs:257-266	extend isPostGroupBySelectlessMinMax to Sum/Average
NativeGroupByTests.cs:2502	GroupBy_Select_then_Skip_0_take_0_unaffected_by_pending_paging_carveout	A-post-group-sort-page	OK (unasserted; empty)	NativeSlotPopulator.cs:139-142	admit Skip/Take after IsFinalizedKeyedGroupOutput into PostGroupOps
NativeGroupByTests.cs:2561	GroupBy_select_with_nested_construction_referencing_per_element_value_declines_cleanly	G-accumulator-gaps(g.First().X)	OK (unasserted; "US",10)	NativeGroupByBinder.cs:584-587 (also 323-325)	$first accumulator arm for g.First().Member
NativeGroupByTests.cs:3323	Post_group_where_over_a_case_mapped_alias_throws(NativeOnly)	case mapping over grouped alias	THROWS (v10.0.4 threw; ThrowIfDriverLinqCaseMapsGroupedResult)	MongoExpressionTranslator.Members.cs:63-64 + CaseMapping.cs:46 -> NativeSlotPopulator.cs:175-178	out of scope
NativeGroupByTests.cs:3333	Post_group_order_by_declines_cleanly	A-post-group-sort-page	OK ([(FR,1),(UK,2),(US,2)])	NativeSlotPopulator.cs:139-142	OrderBy/ThenBy over ProjectedAliasScope alias into PostGroupOps
NativeGroupByTests.cs:3366	Post_group_where_after_a_nested_group_by_declines_cleanly	B-ops-after-nested-groupby	OK ([(2,2)])	NativeSlotPopulator.cs:137-142 (IsFinalizedKeyedGroupOutput, MongoSelectDefinition.cs:749-751)	new op list emitted after outer $group flatten
NativeGroupByTests.cs:3385	Post_group_terminal_aggregate_predicate_after_a_nested_group_by_declines_cleanly	B-ops-after-nested-groupby	OK ([(true,false)])	NativeCardinalityBinder.cs:272-274	same op list for predicate
NativeGroupByTests.cs:3403	Post_group_terminal_aggregate_predicate_after_a_whole_entity_concat_declines	ops after set-op GroupBy	THROWS (driver NullReferenceException)	NativeCardinalityBinder.cs:272-274	out of scope
NativeGroupByTests.cs:3435	Post_group_where_over_a_guid_key_alias_declines_cleanly	E-post-group-alias-shapes	OK ([5])	MongoExpressionTranslator.Members.cs:278-279	carry key-part IProperty on key alias for constant serialization
NativeGroupByTests.cs:3469	Post_group_where_over_a_nested_alias_never_resolves_an_owned_navigation_of_the_same_name(nullCheck=true)	E-post-group-alias-shapes	OK ([(A,2),(B,1)])	MongoExpressionTranslator.Members.cs:264-265	construction alias never null -> fold true
NativeGroupByTests.cs:3469	Post_group_where_over_a_nested_alias_never_resolves_an_owned_navigation_of_the_same_name(nullCheck=false)	E-post-group-alias-shapes	OK ([(A,2)])	MongoExpressionTranslator.Members.cs:248-255	resolve x.Info.N to alias path Info.N
NativeGroupByTests.cs:3508	Post_group_get_type_comparison_over_a_grouped_row_declines_cleanly(true)	F-gettype-fold-nonentity-row	OK ([])	MongoExpressionTranslator.EntityType.cs:81 (IsSelfParamTheEntity MongoExpressionTranslator.cs:126-129)	fold GetType()==typeof(T) for sealed non-entity row param
NativeGroupByTests.cs:3508	Post_group_get_type_comparison_over_a_grouped_row_declines_cleanly(false)	F-gettype-fold-nonentity-row	OK ([FR,UK,US])	same	same
NativeGroupByTests.cs:3526	Post_group_terminal_all_over_a_get_type_comparison_declines_cleanly(true)	F-gettype-fold-nonentity-row	OK ([false])	same	same
NativeGroupByTests.cs:3526	Post_group_terminal_all_over_a_get_type_comparison_declines_cleanly(false)	F-gettype-fold-nonentity-row	OK ([true])	same	same
NativeGroupByTests.cs:3543	Get_type_comparison_over_a_projected_distinct_row_declines_cleanly	F-gettype-fold-nonentity-row	OK ([])	same (DistinctAliasScope)	same
NativeGroupByTests.cs:3707	Push_list_of_whole_entity_elements_declines(g.ToList())	$push of entity elements	THROWS (driver FormatException)	NativeGroupByBinder.cs:872-884	out of scope
NativeGroupByTests.cs:3707	Push_list_of_whole_entity_elements_declines(g.Select(e => e).ToList())	$push of entity elements	THROWS (driver FormatException)	NativeGroupByBinder.cs:887-888	out of scope
NativeGroupByTests.cs:3741	Push_list_of_owned_entity_elements_declines	$push of entity elements	UNSURE (only NativeOnly asserted; likely driver FormatException as 3707)	NativeGroupByBinder.cs:887-888	verify driver; likely out of scope
NativeGroupByTests.cs:3748	Post_group_where_over_a_pushed_list_alias_declines_cleanly	E-post-group-alias-shapes	OK ([UK,US])	MongoExpressionTranslator.Members.cs:248-255	x.Years.Count -> $size($ifNull(alias,[]))
NativeGroupByTests.cs:3789	Push_list_over_a_date_time_kind_configured_property_matches_entity_materialization(Utc)	J-push-nondefault-element	OK (Native fallback == entity oracle)	NativeGroupByBinder.cs:896-898	read list via property-serializer element (kind-aware)
NativeGroupByTests.cs:3789	Push_list_over_a_date_time_kind_configured_property_matches_entity_materialization(Local)	J-push-nondefault-element	OK	NativeGroupByBinder.cs:896-898	same
NativeGroupByTests.cs:3798	Push_list_over_a_value_converted_property_declines_cleanly	J-push-nondefault-element	OK ([(FR,New),(UK,New,Shipped),(US,New,Shipped)])	MongoExpressionTranslator.cs:173 via NativeGroupByBinder.cs:890-891	bare-field $push read via list(propertySerializer)
NativeGroupByTests.cs:3917	Third_level_group_by_declines_cleanly(Count)	C-nested-groupby-stack	OK (["2"])	QMTEV.cs:2176-2179	stage stack instead of single Prior* slot
NativeGroupByTests.cs:3917	Third_level_group_by_declines_cleanly(Select)	C-nested-groupby-stack	OK (["1:1","3:1"])	QMTEV.cs:2176-2179	same
NativeGroupByTests.cs:3917	Third_level_group_by_declines_cleanly(Having)	C-nested-groupby-stack	OK (["3:1"])	QMTEV.cs:2176-2179	same
NativeDistinctTests.cs:200	Grouped_count_Distinct_then_Where_on_bare_parameter_declines_with_fallback_parity	H2-distinct-over-grouped-output	OK ([2,3])	NativeGroupByBinder.cs:1777-1779 (Grouping!=null) -> QMTEV.cs:2005-2006	snapshot prior grouping, key-only $group on flattened _v
NativeDistinctTests.cs:217	One_member_anonymous_computed_Distinct_then_Where_on_bare_parameter_declines_with_fallback_parity	H-wrapper-row-structural-equality	OK (1 row S=4042)	MongoExpressionTranslator.cs:772-780 -> TranslateComparisonCore; wrapper param refused at Members.cs:191-193 (IsBareScalarKeyParameter 155-156)	decompose anon/ValueTuple Equals into per-key-part $eq
NativeDistinctTests.cs:235	One_member_anonymous_field_Distinct_then_Where_on_bare_parameter_declines_with_fallback_parity	H-wrapper-row-structural-equality	OK (1 row US)	same (Members.cs:70-72)	same
NativeDistinctTests.cs:250	One_member_ValueTuple_field_Distinct_then_Where_on_bare_parameter_declines_with_fallback_parity	H-wrapper-row-structural-equality	OK (1 row US)	same	same
NativeDistinctTests.cs:532	Bare_scalar_value_converted_Distinct_then_OrderBy_is_refused (helper pin :476)	EF-337 stored-ordering refusal	WRONG on main (stored order Cancelled,New,Shipped vs New,Shipped,Cancelled)	NativeSlotPopulator.cs:541-544 (StoredOrdering) + bridge refusal	policy; out of scope
NativeDistinctTests.cs:542	Bare_scalar_value_converted_Distinct_then_OrderByDescending_Take_is_refused (:476)	EF-337 stored-ordering refusal	WRONG on main ([Shipped,New] vs [Cancelled,Shipped])	NativeSlotPopulator.cs:541-544	policy
NativeDistinctTests.cs:615	Bare_scalar_int_to_string_converted_Distinct_materializes_and_compares_goes_native (_OrderBy, :476)	EF-337 stored-ordering refusal	WRONG on main ([2020,2021,999] vs [999,2020,2021])	NativeSlotPopulator.cs:541-544	policy
NativeDistinctTests.cs:620	Bare_scalar_int_to_string_converted_Distinct_materializes_and_compares_goes_native (_Where v>2020, :476)	EF-337 stored-ordering refusal	WRONG on main ([2021,999] vs [2021])	MongoExpressionTranslator.cs:1338/1384/1537-1538	policy
NativeDistinctTests.cs:638	Bare_scalar_bool_to_string_converted_Distinct_goes_native (_OrderByDescending, :476)	EF-337 stored-ordering refusal	OK on main by coincidence ("Y">"N" gives [true,false])	NativeSlotPopulator.cs:541-544	owner decision: EF-337 policy refuses a main-correct query
NativeDistinctTests.cs:708	Bare_scalar_value_converted_Distinct_then_selectorless_aggregate_is_refused (:476)	EF-337 stored-ordering refusal	WRONG on main (Max of stored strings = Shipped vs Cancelled; or throw)	NativeGroupByBinder.cs:1917-1918	policy
NativeDistinctTests.cs:771	Bare_scalar_int_to_string_converted_Distinct_then_selectorless_Average_is_refused (:476)	EF-337 stored-ordering refusal	WRONG/THROWS on main ($avg over strings null/0 vs 1680)	NativeGroupByBinder.cs:1917-1918	policy
NativeDistinctTests.cs:783	Bare_scalar_int_to_string_converted_Distinct_then_selectorless_Sum_is_refused (:476)	EF-337 stored-ordering refusal	WRONG on main (0 vs 5040)	NativeGroupByBinder.cs:1917-1918	policy
NativeDistinctTests.cs:795	Bare_scalar_value_converted_enum_Distinct_then_relational_Where_is_refused (_gt, :476)	EF-337 stored-ordering refusal	WRONG on main ([Shipped] vs [Shipped,Cancelled])	MongoExpressionTranslator.cs:1338/1384/1537-1538	policy
NativeDistinctTests.cs:800	Bare_scalar_value_converted_enum_Distinct_then_relational_Where_is_refused (_lt, :476)	EF-337 stored-ordering refusal	WRONG on main ([New,Cancelled] vs [New])	same	policy
NativeDistinctTests.cs:805	Bare_scalar_value_converted_enum_Distinct_then_relational_Where_is_refused (_ge, :476)	EF-337 stored-ordering refusal	WRONG on main ([New,Shipped] vs all three)	same	policy
NativeDistinctTests.cs:720	Bare_scalar_value_converted_Distinct_then_arithmetic_predicate_declines_cleanly	converted Distinct operator gaps	WRONG ([] vs [2021,999])	MongoExpressionTranslator.cs:1462 (AllFieldsDefaultSerialized)	out of scope; main bug
NativeDistinctTests.cs:732	One_member_anonymous_value_converted_Distinct_declines_cleanly	K-key-nondefault-serialization	OK ([New,Shipped,Cancelled])	NativeGroupByBinder.cs:1788-1790 + IsBareValueConvertedDistinctKey 1840-1841 (IsBareProjection)	admit wrapped converted key after consumer audit
NativeDistinctTests.cs:744	Bare_scalar_bson_represented_Distinct_declines_cleanly	K-key-nondefault-serialization	OK ([Shipped,Cancelled])	NativeGroupByBinder.cs:1841 (GetBsonRepresentation()==null)	admit BsonRepresentation (read via property serializer)
NativeDistinctTests.cs:758	Bare_scalar_value_converted_Distinct_then_Contains_declines_cleanly	converted Distinct operator gaps	WRONG (driver false; correct true)	NativeCardinalityBinder.TryBindContains :131-170	out of scope; main bug
NativeDistinctTests.cs:881	Converted_Distinct_set_op_with_a_differently_named_plain_operand_declines (DeclinesToSameFailure)	set ops over mismatched stored forms	THROWS (both modes fail reading int via converter)	QMTEV.cs:3465-3468 (ProjectionShapesMatch / CanAlignBareScalarAliases->ReadsOnlyDefaultSerializedFields:3721) -> 3500	out of scope
NativeDistinctTests.cs:885	Converted_Distinct_set_op_with_a_differently_named_plain_operand_declines (reversed)	set ops over mismatched stored forms	WRONG (5 rows; true Union = 3: New,Shipped,Cancelled)	same	out of scope; main bug
NativeDistinctTests.cs:898	Wrapped_set_op_mixing_converted_and_plain_properties_under_one_alias_declines_cleanly	S-concat-mixed-stored-forms	OK (10 values)	QMTEV.cs:3769-3796 OperandSerializationsMatch (StoredSerializationsMatch 3812-3815) -> 3500	Concat only: per-operand source tag + per-row serializer
NativeDistinctTests.cs:911	Wrapped_set_op_mixing_different_converters_of_one_converter_type_declines_cleanly	set ops over mismatched stored forms	UNSURE (only NotEmpty; likely WRONG: driver dedups "cancelled"/"CANCELLED" separately, 5 vs 3)	QMTEV.cs:3822-3831 -> 3500	verify driver; likely main bug
NativeDistinctTests.cs:992	Cross_collection_set_ops_with_mismatched_stored_forms_decline(plain,lowercase,bsonRepresentation)	cross-collection set ops	NO-ORACLE (driver rejects cross-DbSet)	QMTEV.cs:3466 OperandSerializationsMatch -> 3500	out of scope
NativeDistinctTests.cs:993	same (Concat) x3	cross-collection set ops	NO-ORACLE	same	out of scope
NativeDistinctTests.cs:997	same (Distinct.Union) x2 (not bsonRepresentation)	cross-collection set ops	NO-ORACLE	same	out of scope
NativeDistinctTests.cs:998	same (reversed Distinct.Union) x2	cross-collection set ops	NO-ORACLE	same	out of scope
NativeDistinctTests.cs:1002	same (Distinct.Concat) x3	cross-collection set ops	NO-ORACLE	same	out of scope
NativeDistinctTests.cs:1003	same (Union Distinct) x3	cross-collection set ops	NO-ORACLE	same	out of scope
NativeDistinctTests.cs:1176	Distinct_then_Where_on_unrelated_computed_key_falls_back_under_native_only	P-casemap-computed-receiver	OK (unasserted; ASCII data)	MongoExpressionTranslator.CaseMapping.cs:46-47	accept computed receiver -> $regexMatch ^US$ i
NativeDistinctTests.cs:1260	Distinct_bson_represented_projection_key_falls_back	K-key-nondefault-serialization	OK ([New,Shipped])	NativeGroupByBinder.cs:1788-1790	as 744 + wrapped
NativeDistinctTests.cs:1386	Distinct_then_Count_with_unrelated_computed_predicate_falls_back_under_native_only	P-casemap-computed-receiver	OK (unasserted)	MongoExpressionTranslator.CaseMapping.cs:46-47	same
NativeDistinctTests.cs:2004	Distinct_then_Join_throws_under_native_only	Q-join-over-projected-distinct	OK ([(FR,EU),(UK,EU),(US,NA)])	QMTEV.cs:2247-2250	emit Distinct $group/$project before $lookup; key via Distinct alias
NativeGroupByOverJoinTests.cs:118	Navigation_dereferenced_inside_an_accumulator_declines_cleanly	nav inside group accumulator	THROWS (driver ExpressionNotSupportedException)	NativeGroupByBinder.cs:764-765	out of scope
NativeGroupByOverJoinTests.cs:193	Non_nullable_accumulator_over_an_unmatched_left_join_side_does_not_answer_default	left-join unmatched null semantics	THROWS (C# NRE; driver FormatException)	NativeGroupByBinder.cs:951-955	out of scope
NativeGroupByOverJoinTests.cs:241	Non_nullable_key_over_an_unmatched_left_join_side_declines	left-join unmatched null semantics	THROWS (driver FormatException)	NativeGroupByBinder.cs:166-168	out of scope
NativeGroupByOverJoinTests.cs:252	Composite_key_with_a_non_nullable_unmatched_left_join_part_declines	left-join unmatched null semantics	WRONG (driver (Dora,0); C# throws)	NativeGroupByBinder.cs:166-168	out of scope; main bug
NativeGroupByOverJoinTests.cs:320	Accumulator_condition_over_an_unmatched_left_join_side_declines x7 (Count(pred),flipped,negated,<=,Sum(cond),Where.Count,Where.Sum)	left-join unmatched null semantics	WRONG EF10 (Dora 1 vs 0) / THROWS EF8,EF9	NativeGroupByBinder.cs:1119-1126; Sum(cond) 951-955	out of scope; main bug
NativeGroupByOverJoinTests.cs:351	Key_only_accumulator_condition_over_a_left_join_declines	left-join unmatched null semantics	UNSURE (likely WRONG: cf. GroupBy Key_only test, driver 0 for every group)	NativeGroupByBinder.cs:1090-1091,1101-1102	out of scope if WRONG
NativeGroupByOverJoinTests.cs:583	Ordering_after_an_inner_side_where_and_a_navigation_group_declines_cleanly	A-post-group-sort-page	OK ([(North,2),(South,1)])	NativeSlotPopulator.cs:139-142 (also 161)	as A; exempt confirmed-join guard too
NativeGroupByOverJoinTests.cs:625	Paging_before_a_required_navigation_group_declines_cleanly	R-paging-before-grouped-join	OK (likely; correct North=2; unasserted)	QMTEV.cs:1097-1103 TryGetGroupByJoinScope -> key bind fails QMTEV.cs:2193-2196	keep pre-join paging in PipelineOps ahead of $lookup
NativeGroupByOverJoinTests.cs:641	Paging_before_a_two_level_chain_group_declines_cleanly	R-paging-before-grouped-join	OK (likely; unasserted)	QMTEV.cs:1097-1103 (Levels>1)	same for chains when no paging between joins
NativeGroupByOverJoinTests.cs:727	Group_key_with_a_condition_over_an_unmatched_side_declines	left-join unmatched null semantics	UNSURE (likely WRONG EF10 / THROWS EF8,EF9)	NativeGroupByBinder.cs:166-168	out of scope if WRONG
NativeGroupByOverJoinTests.cs:899	Push_list_over_a_non_nullable_unmatched_left_join_side_declines	left-join unmatched null semantics	NO-ORACLE (C# throws; no correct list)	NativeGroupByBinder.cs:900-902	out of scope
NativeGroupByOverJoinTests.cs:935	Non_null_propagating_computed_key_over_an_unmatched_left_join_side_declines(Math.Max)	left-join unmatched null semantics	WRONG (driver merges Dora into 7 group; EF null key)	NativeGroupByBinder.cs:170-171	out of scope; main bug
NativeGroupByOverJoinTests.cs:935	same(Math.Sign)	left-join unmatched null semantics	WRONG (driver -1; EF null)	NativeGroupByBinder.cs:170-171	out of scope; main bug
NativeGroupByOverJoinTests.cs:935	same(ToUpper)	left-join unmatched null semantics	WRONG (main: $toUpper(missing)="" key vs EF null; branch driver also gated)	key ToUpper untranslatable (case mapping never native) via TryBindKeyPartValue:142	out of scope
NativeGroupByOverJoinTests.cs:1237	Union_of_a_join_scope_constant_operand_and_a_grouped_count_declines(Union)	O-join-scope-setop-operand	OK ([1,3,7])	QMTEV.cs:3462-3463 (HasShaperUnsafeConstantLeaf/CanRebindConstantLeafToDocument alias conjunct 3689-3690) -> 3500	treat by-alias-bound constant leaf (parameter-free join arm) as safe
NativeGroupByOverJoinTests.cs:1246	same(Concat)	O-join-scope-setop-operand	OK ([1,1,3,7,7])	same	same
NativeGroupByOverJoinTests.cs:1271	Union_with_a_join_scope_second_operand_declines	join-scope second operand	THROWS (cross-DbSet)	QMTEV.cs:3464 IsPlainProjectedSelect(mongo2) 3587 -> 3500	out of scope
NativeGroupByOverJoinTests.cs:1281	Union_with_a_two_level_join_scope_first_operand_declines_cleanly	O-join-scope-setop-operand	OK ([1,10,20,30])	QMTEV.cs:3606-3608 IsPreCombineJoinScope (Levels==1) -> 3500	chained pre-combine lookups in MongoSelectLowerer OperandsProjected branch
NativeSetOpsTests.cs:765	Reference_include_after_union_still_falls_back	N-ops-after-whole-entity-setop	OK ([a1,b1] Items 1,2)	QMTEV.cs:1480-1484	defer reference $lookup after set-op + TrailingOps when IsSetOpTerminalOnly
NativeSetOpsTests.cs:1062	OfType_after_union_falls_back	N-ops-after-whole-entity-setop	OK (2 derived rows)	QMTEV.cs:1938-1943	when IsSetOpTerminalOnly add discriminator conjunct (lands in TrailingOps)
NativeSetOpsTests.cs:1213	GroupBy_operand_with_skip_before_terminal_select_declines_and_stays_correct	M-grouped-setop-operand-ops	OK	QMTEV.cs:3644 -> 3500	lower operand GroupOrderOp/GroupPagingOps in AppendSetOpChainStages
NativeSetOpsTests.cs:1241	GroupBy_operand_with_having_predicate_before_terminal_select_declines_and_stays_correct	M-grouped-setop-operand-ops	OK	QMTEV.cs:3645 -> 3500	lower operand GroupHavingPredicate
NativeSetOpsTests.cs:1268	GroupBy_operand_with_order_only_before_terminal_select_declines_and_stays_correct	M-grouped-setop-operand-ops	OK	QMTEV.cs:3646 -> 3500	lower (or drop, Concat) operand GroupOrderOp
NativeSetOpsTests.cs:1636	Where_after_projected_operand_union_falls_back_gracefully	L-ops-after-projected-setop	OK ([3,4,5])	NativeSlotPopulator.cs:139-142 (IsSetOpTerminalOnly false: MongoSelectDefinition.cs:759-760)	set-op output alias scope; record into TrailingOps
NativeSetOpsTests.cs:1662	OrderBy_after_projected_operand_union_falls_back_gracefully	L-ops-after-projected-setop	OK ([1..5])	NativeSlotPopulator.cs:139-142	same
NativeSetOpsTests.cs:1688	Paging_after_projected_operand_union_falls_back_gracefully(Skip)	L-ops-after-projected-setop	OK ([2,3,4,5])	NativeSlotPopulator.cs:139-142	same
NativeSetOpsTests.cs:1692	Paging_after_projected_operand_union_falls_back_gracefully(Take)	L-ops-after-projected-setop	OK ([1,2])	NativeSlotPopulator.cs:139-142	same
NativeSetOpsTests.cs:1728	Count_after_projected_operand_union_falls_back_gracefully	L-ops-after-projected-setop	OK (5)	NativeCardinalityBinder.cs:265	carve-out for projected set-op output
NativeSetOpsTests.cs:1753	GroupBy_after_projected_operand_union_falls_back_gracefully	L-ops-after-projected-setop	OK (5 groups of 1)	QMTEV.cs:2164-2167	GroupBy keyed via set-op alias scope; emit $group after TrailingOps
NativeSetOpsTests.cs:1780	Chained_set_op_after_projected_operand_union_falls_back_gracefully	L-ops-after-projected-setop	OK ([1..5])	QMTEV.cs:3460 (IsPlainProjectedSelect !IsSetOp 3579-3580) -> 3500	allow projected chain links
NativeSetOpsTests.cs:1811	Distinct_after_projected_operand_union_falls_back_gracefully	L-ops-after-projected-setop	OK (5)	NativeGroupByBinder.cs:1778 (OperandsProjected) -> QMTEV.cs:2005-2006	trailing MongoDistinctOp ($group _id:$$ROOT) in TrailingOps
NativeSetOpsTests.cs:1838	Distinct_after_projected_operand_concat_falls_back_gracefully	L-ops-after-projected-setop	OK (5 names)	same	same
NativeSetOpsTests.cs:2339	GroupBy_after_Union_of_plain_projected_operand_declines_and_stays_correct	L-ops-after-projected-setop	OK (5 groups of 1)	QMTEV.cs:2164-2167	same as 1753
NativeSetOpsTests.cs:2469	Outer_GroupBy_over_grouped_source1_set_op_matches_in_memory (soft pin: catch tolerates decline; 6 variants)	ops after projected setop (grouped source1)	OK for Native vs in-memory (Intersect variant: no driver oracle)	unknown without running (tolerant)	run NativeOnly to see which variants decline
